website,email1,email2,email3
https://360renoveringbyggkonsult.se/,info@360renoveringbyggkonsult.se,,
http://www.koncept.se/en/,info@koncept.se,,
http://torekull.se/,Info@torekull.se,,
http://www.landskapslaget.se/,info@landskapslaget.se,,
http://belatchew.com/,info@belatchew.com,karin@belatchew.com,lena@belatchew.com
http://www.utopia.se/,info@utopia.se,jesper@utopia.se,info@utopia.s
http://detailgroup.se/,contact@detailgroup.se,leila.k@detailgroup.se,
https://www.blackljusdesign.se/,info@blackljusdesign.se,,
http://unitark.se/,info@unitark.se,mikael.frej@unitark.se,klas.moberg@unitark.se
http://joakimhaggstrom.se/,mail@joakimhaggstrom.se,joakim@joakimhaggstrom.se,
http://norellrodhe.se/,info@norellrodhe.se,work@norellrodhe.se,
https://www.arkforum.se/,henrik@arkforum.se,,
http://www.arkdes.se/,info@arkdes.se,vannerna@arkdes.se,
http://www.tengbom.se/,stefan.rydin@tengbom.se,hej@tengbom.se,jan.mattsson@tengbom.se
https://www.block722.com/,info@block722.com,jobs@block722.com,finance@block722.com
https://creativevisualstudio.se/,kontakt@creativevisualstudio.se,,
http://sizearkitekter.se/Kontakt.html,peter.wallin@sizearkitekter.se,,
http://www.hemdrommar.se/,E-postinfo@hemdrommar.se,,
https://awlark.se/,info@awlark.se,liza.kabakian@awlark.se,hanna.nystrom@awlark.se
https://www.arkitekt.se/kontor/atlant-arkitekter-ab/,otto.rosu@atlantarkitekter.se,kansli@arkitekt.se,
http://www.marge.se/,jobba@marge.se,info@marge.se,press@marge.se
https://www.aprojkma.se/,roger.filipsson@aprojkma.se,,
http://arkitektbolaget.se/,info@arkitektbolaget.se,jonas@arkitektbolaget.se,johannes.debus@arkitektbolaget.se
http://www.iohouse.se/,info@iohouse.se,,
https://kub-arkitekter.se/,kub@kub-arkitekter.se,,
https://whyte-lilja.com/,info@whyte-lilja.com,,
http://www.riditdesign.com/,info@riditdesign.com,contact@riditdesign.com,
http://www.dreem.se/,info@dreem.se,maya@dreem.se,oliver@dreem.se
http://www.thecampus.se/,weare@thecampus.se,recruitments@thecampus.se,
http://www.partbukowska.com/,katarina@partbukowska.com,andreas@partbukowska.com,
https://lookofskyarch.com/,Info@lookofskyarch.com,,
http://www.bornsteinlyckefors.se/,office@bornsteinlyckefors.se,press@bornsteinlyckefors.se,
https://www.tovatt.com/,info@tovatt.com,,
http://www.erikgiudice.com/,press@erikgiudice.com,work@erikgiudice.com,bernard.lamothe@innovationnorway.no
http://www.vidastockholm.com/,info@vidastockholm.com,leo@vidastockholm.com,mathias@vidastockholm.com
http://www.vitram.se/,info@vitram.se,,
https://yellon.se/,adam.soderberg@yellon.se,anders.alverfeldt@yellon.se,anders.hultsborn@yellon.se
https://tea.se/,mail@tea.se,ae@tea.se,ce@tea.se
https://studiostockholm.se/contact/sebastian-arenram,sebastian.arenram@studiostockholm.se,enquiries@studiostockholm.se,newbusiness@studiostockholm.se
http://www.arrhovfrick.se/,application@arrhovfrick.se,,
http://www.bsk.se/,Zhukalena.zhuk@bsk.se,rrmananders.karrman@bsk.se,mannie.flodstrom@bsk.se
http://yellon.se/,adam.soderberg@yellon.se,anders.alverfeldt@yellon.se,anders.hultsborn@yellon.se
https://www.creamarkitekter.se/,cream.arch@gmail.com,,
https://www.jrn.se/,info@jrn.se,,
http://www.cfmoller.com/r/berg-c-f-moeller-architects-i13034.html,cfmoller@cfmoller.com,psr@cfmoller.com,
http://www.nyrens.se/,info@nyrens.se,,
http://www.hmxw.se/,info@hmxw.se,jobb@hmxw.se,
http://www.f-a.se/,info@f-a.se,jobb@f-a.s,ekonomi@f-a.se
https://www.asante.se/,info@asante.se,carolina@asante.se,ana@asante.se
http://www.bostadslyftet.nu/,info@bostadslyftet.nu,,
http://www.hoboarkitektur.se/,rickard@hoboarkitektur.se,,
http://www.wingardhs.se/,wingardhs@wingardhs.se,ekonomin@wingardhs.se,
http://www.inpraiseofshadows.se/,info@inpraiseofshadows.se,,
http://www.m5arkitektur.se/,info@m5arkitektur.se,,
https://dabuark.se/CONTACT.html,INFO@DABUARK.SE,MATTIAS@DABUARK.SE,ANNAPAOLA@DABUARK.SE
http://www.lundgrenguldhammer.com/,info@lundgrenguldhammer.com,ejje@lundgrenguldhammer.com,rikke@lundgrenguldhammer.com
http://www.divearchitects.com/,mail@divearchitects.com,press@divearchitects.com,work@divearchitects.com
http://athenaarchitecture.se/contact.html,joda.westerlund@gmail.com,,
https://www.horisontarkitekter.se/,info@horisontarkitekter.se,jobba@horisont.se,anbud@horisont.se
http://www.aix.se/,info@aix.se,,
http://www.tabsweden.se/,INFO@TABSWEDEN.COM,,
http://generalarchitecture.se/,info@generalarchitecture.se,adam@generalarchitecture.se,agnes.p@generalarchitecture.se
http://collsteark.se/,christina@collsteark.se,,
http://reflexark.se/,info@reflexark.se,fornamn.efternamn@reflexark.se,press@reflexark.se
http://www.karavanlandskap.se/,kontoret@karavanlandskap.se,karin.danielsson@karavanlandskap.se,asa.ehn-hillberg@karavanlandskap.se
http://www.fojab.se/,adrian.norlund@fojab.se,alexandra.ghete@fojab.se,alice.hedlund@fojab.se
http://www.bergkrantz.se/,info@bergkrantz.se,anders@bergkrantz.se,calle@bergkrantz.se
http://www.spridd.se/,info@spridd.se,klas@spridd.se,lisa@spridd.se
http://www.kolmanboye.com/,intern@kolmanboye.co,info@kolmanboye.com,
http://www.siegel.nu/,cord@siegel.nu,anders@siegel.nu,ellen@siegel.nu
http://gatun.se/,info@gatun.se,anders@gatun.se,ari@gatun.se
http://www.sonark.se/,info@sonark.se,per.larsson@sonark.se,eva-carin.jagefeldt@sonark.se
https://www.sandellsandberg.se/,jobb@sandellsandberg.se,,
http://rstudio.se/,info@rstudio.se,sofia.a@rstudio.se,mathias.a@rstudio.se
https://larssonark.se/,info@larssonark.s,,
http://www.jakobssonpusterla.com/,info@jakobssonpusterla.com,,
http://a-ripellino.se/,alessandro.ripellino@reflexark.se,,
http://www.ma3d.se/,info@ma3d.se,,
http://www.johansundberg.com/,kontoret@johansundberg.com,Arkitekt.johan@johansundberg.com,214raghad@johansundberg.com
